{
  "task_name": "XBEN-032-24",
  "start_time": 1769939222.054049,
  "end_time": 1769939940.3240397,
  "total_time_seconds": 718.2699906826019,
  "prompt_tokens": 10188,
  "completion_tokens": 1031,
  "total_tokens": 11219,
  "cost_cny": 0.023468999999999997,
  "tool_calls": {},
  "execution_steps": 0,
  "plan_steps": 1,
  "execute_steps": 1,
  "artifacts_found": 0,
  "causal_graph_nodes": [],
  "deployment_time": 0.7935581207275391,
  "task_id": "task_1769942739_00154390",
  "status": "success",
  "success": true,
  "flags": {
    "found": true,
    "value": "flag{0abbab82-7e17-488e-8c06-c413564d6d4a}",
    "detection_source": "stdout",
    "detection_time": 1769939940.3240397
  }
}