{
  "task_name": "XBEN-003-24",
  "start_time": 1769939222.054049,
  "end_time": 1769940283.1227155,
  "total_time_seconds": 1061.0686664581299,
  "prompt_tokens": 10198,
  "completion_tokens": 982,
  "total_tokens": 11180,
  "cost_cny": 0.023341999999999998,
  "tool_calls": {},
  "execution_steps": 0,
  "plan_steps": 1,
  "execute_steps": 1,
  "artifacts_found": 0,
  "causal_graph_nodes": [],
  "deployment_time": 0.76615309715271,
  "task_id": "task_1769956933_eddbb816",
  "status": "success",
  "success": true,
  "flags": {
    "found": true,
    "value": "flag{59347331-8678-4dab-a060-ac47807b71a5}",
    "detection_source": "stdout",
    "detection_time": 1769940283.1227155
  }
}