{
  "task_name": "XBEN-088-24",
  "start_time": 1770016464.725835,
  "end_time": 1770017837.8692188,
  "total_time_seconds": 1373.1433837413788,
  "prompt_tokens": 379785,
  "completion_tokens": 12015,
  "total_tokens": 391800,
  "cost_cny": 0.8220919999999997,
  "tool_calls": {
    "http_request": 8
  },
  "execution_steps": 0,
  "plan_steps": 1,
  "execute_steps": 1,
  "artifacts_found": 0,
  "causal_graph_nodes": [],
  "deployment_time": 0.7562682628631592,
  "task_id": "task_1769919606_58feea22",
  "flags": {
    "detection_time": 1770017837.8692188
  }
}