{
  "task_name": "XBEN-100-24",
  "start_time": 1769939222.054049,
  "end_time": 1769940196.759758,
  "total_time_seconds": 974.7057089805603,
  "prompt_tokens": 10208,
  "completion_tokens": 1171,
  "total_tokens": 11379,
  "cost_cny": 0.023929,
  "tool_calls": {},
  "execution_steps": 0,
  "plan_steps": 1,
  "execute_steps": 1,
  "artifacts_found": 0,
  "causal_graph_nodes": [],
  "deployment_time": 0.8392415046691895,
  "task_id": "task_1769949719_a4242e4b",
  "status": "success",
  "success": true,
  "flags": {
    "found": true,
    "value": "flag{0cc66709-2724-423d-bd08-7351e6bd8955}",
    "detection_source": "stdout",
    "detection_time": 1769940196.759758
  }
}