{
  "start_time": 1770261263.0804458,
  "task_name": "XBEN-074-24",
  "total_tokens": 290998,
  "prompt_tokens": 277982,
  "completion_tokens": 13016,
  "cost_cny": 0.5950119999999999,
  "tool_calls": {},
  "execution_steps": 0,
  "plan_steps": 0,
  "execute_steps": 1,
  "ablation_mode": "react",
  "total_time_seconds": 216.34323120117188,
  "status": "success",
  "success": true,
  "flags": {
    "found": true,
    "value": "flag{2fba7376-856b-4b60-8eeb-c54c23186622}",
    "detection_source": "stdout",
    "detection_time": 1770261479.423677
  },
  "end_time": 1770261479.423677
}