{
  "task_name": "XBEN-090-24",
  "start_time": 1770016464.725835,
  "end_time": 1770018036.8053646,
  "total_time_seconds": 1572.0795295238495,
  "prompt_tokens": 10233,
  "completion_tokens": 885,
  "total_tokens": 11118,
  "cost_cny": 0.023121,
  "tool_calls": {},
  "execution_steps": 0,
  "plan_steps": 1,
  "execute_steps": 1,
  "artifacts_found": 0,
  "causal_graph_nodes": [],
  "deployment_time": 0.7722620964050293,
  "task_id": "task_1769919018_40cec7c3",
  "status": "success",
  "success": true,
  "flags": {
    "found": true,
    "value": "flag{5f7d543b-2625-4b62-8373-53ba76f41608}",
    "detection_source": "stdout",
    "detection_time": 1770018036.8053646
  }
}