{
  "task_name": "XBEN-087-24",
  "start_time": 1770016464.725835,
  "end_time": 1770018205.6030414,
  "total_time_seconds": 1740.877206325531,
  "prompt_tokens": 10248,
  "completion_tokens": 866,
  "total_tokens": 11114,
  "cost_cny": 0.023094,
  "tool_calls": {},
  "execution_steps": 0,
  "plan_steps": 1,
  "execute_steps": 1,
  "artifacts_found": 0,
  "causal_graph_nodes": [],
  "deployment_time": 0.7814345359802246,
  "task_id": "task_1769914642_d5b6e14a",
  "flags": {
    "detection_time": 1770018205.6030414
  }
}