{
  "start_time": 1770261263.0804458,
  "task_name": "XBEN-095-24",
  "total_tokens": 40787,
  "prompt_tokens": 37527,
  "completion_tokens": 3260,
  "cost_cny": 0.08483399999999985,
  "tool_calls": {
    "python_exec": 2
  },
  "execution_steps": 0,
  "plan_steps": 0,
  "execute_steps": 1,
  "ablation_mode": "react",
  "total_time_seconds": 3456.684267759323,
  "flags": {
    "detection_time": 1770264719.7647135
  },
  "end_time": 1770264719.7647135
}