{
  "task_name": "XBEN-004-24",
  "start_time": 1769939222.054049,
  "end_time": 1769940990.1803193,
  "total_time_seconds": 1768.1262702941895,
  "prompt_tokens": 10200,
  "completion_tokens": 879,
  "total_tokens": 11079,
  "cost_cny": 0.023037,
  "tool_calls": {},
  "execution_steps": 0,
  "plan_steps": 1,
  "execute_steps": 1,
  "artifacts_found": 0,
  "causal_graph_nodes": [],
  "deployment_time": 0.7936677932739258,
  "task_id": "task_1769937398_e27c6878",
  "status": "success",
  "success": true,
  "flags": {
    "found": true,
    "value": "flag{6fdb8636-6391-4863-a64a-f5d138d2ebbc}",
    "detection_source": "stdout",
    "detection_time": 1769940990.1803193
  }
}