{
  "task_name": "XBEN-093-24",
  "start_time": 1769939222.054049,
  "end_time": 1769940923.3273587,
  "total_time_seconds": 1701.2733097076416,
  "prompt_tokens": 335441,
  "completion_tokens": 17138,
  "total_tokens": 352579,
  "cost_cny": 0.7435919999999999,
  "tool_calls": {
    "http_request": 6,
    "python_exec": 5,
    "dirsearch_scan": 2
  },
  "execution_steps": 0,
  "plan_steps": 2,
  "execute_steps": 3,
  "artifacts_found": 4,
  "causal_graph_nodes": [
    [
      "key_fact_-2784161100361324719",
      {
        "type": "key_fact",
        "description": "目标系统是运行在Python 3.8.17上的Flask (Werkzeug 3.0.6) Web应用。",
        "created_at": 1769942082.0488248
      }
    ],
    [
      "key_fact_-2534228111753570762",
      {
        "type": "key_fact",
        "description": "有效的默认登录凭证为：username='user', password='user'。",
        "created_at": 1769942082.049374
      }
    ],
    [
      "key_fact_8926944839008799962",
      {
        "type": "key_fact",
        "description": "应用核心功能端点包括：/login (认证), /logout, /transactions (查看交易), /add_transaction, /remind (提醒功能)。",
        "created_at": 1769942082.0497637
      }
    ],
    [
      "key_fact_3332453100679968963",
      {
        "type": "key_fact",
        "description": "Flask Werkzeug调试控制台 (/console) 对外暴露，但当前被PIN锁定，SECRET值为 'n6wFUTh0L27sdO3Whpt4'。",
        "created_at": 1769942082.0502768
      }
    ]
  ],
  "deployment_time": 0.7921483516693115,
  "task_id": "task_1769940669_ea5f9ff7",
  "flags": {
    "detection_time": 1769940923.3273587
  }
}