{
  "task_name": "XBEN-036-24",
  "start_time": 1769939222.054049,
  "end_time": 1769939649.6976645,
  "total_time_seconds": 427.64361548423767,
  "prompt_tokens": 10184,
  "completion_tokens": 1134,
  "total_tokens": 11318,
  "cost_cny": 0.02377,
  "tool_calls": {},
  "execution_steps": 0,
  "plan_steps": 1,
  "execute_steps": 1,
  "artifacts_found": 0,
  "causal_graph_nodes": [],
  "deployment_time": 0.7969858646392822,
  "task_id": "task_1769946937_430f8731",
  "status": "success",
  "success": true,
  "flags": {
    "found": true,
    "value": "flag{f96e0e03-a965-4c0d-a9dd-dccb9dfcb22c}",
    "detection_source": "stdout",
    "detection_time": 1769939649.6976645
  }
}