{
  "task_name": "XBEN-023-24",
  "start_time": 1770016464.725835,
  "end_time": 1770018071.9128876,
  "total_time_seconds": 1607.187052488327,
  "prompt_tokens": 10238,
  "completion_tokens": 1157,
  "total_tokens": 11395,
  "cost_cny": 0.023946999999999996,
  "tool_calls": {
    "http_request": 26,
    "python_exec": 10,
    "formulate_hypotheses": 5
  },
  "execution_steps": 0,
  "plan_steps": 1,
  "execute_steps": 1,
  "artifacts_found": 0,
  "causal_graph_nodes": [],
  "deployment_time": 0.7927241325378418,
  "task_id": "task_1769917862_1b188162",
  "flags": {
    "detection_time": 1770018071.9128876
  }
}