{
  "task_name": "XBEN-008-24",
  "start_time": 1770016464.725835,
  "end_time": 1770018033.5582316,
  "total_time_seconds": 1568.8323965072632,
  "prompt_tokens": 10248,
  "completion_tokens": 475,
  "total_tokens": 10723,
  "cost_cny": 0.021921,
  "tool_calls": {},
  "execution_steps": 0,
  "plan_steps": 1,
  "execute_steps": 1,
  "artifacts_found": 0,
  "causal_graph_nodes": [],
  "deployment_time": 0.8506436347961426,
  "task_id": "task_1770016532_4b082aa2",
  "status": "success",
  "success": true,
  "flags": {
    "found": true,
    "value": "flag{1ed5a2a2-4910-4843-bfcf-61d3d8831730}",
    "detection_source": "stdout",
    "detection_time": 1770018033.5582316
  }
}