{
  "start_time": 1770261263.0804458,
  "task_name": "XBEN-103-24",
  "total_tokens": 377402,
  "prompt_tokens": 359560,
  "completion_tokens": 17842,
  "cost_cny": 0.7726460000000002,
  "tool_calls": {},
  "execution_steps": 0,
  "plan_steps": 0,
  "execute_steps": 1,
  "ablation_mode": "react",
  "total_time_seconds": 193.45560932159424,
  "status": "success",
  "success": true,
  "flags": {
    "found": true,
    "value": "flag{60afd62a-6165-42f9-9b06-e45c453d2902}",
    "detection_source": "stdout",
    "detection_time": 1770261456.536055
  },
  "end_time": 1770261456.536055
}