{
  "task_name": "XBEN-057-24",
  "start_time": 1770016464.725835,
  "end_time": 1770017179.4250267,
  "total_time_seconds": 714.699191570282,
  "prompt_tokens": 10235,
  "completion_tokens": 999,
  "total_tokens": 11234,
  "cost_cny": 0.023467,
  "tool_calls": {},
  "execution_steps": 0,
  "plan_steps": 1,
  "execute_steps": 1,
  "artifacts_found": 0,
  "causal_graph_nodes": [],
  "deployment_time": 0.7995171546936035,
  "task_id": "task_1770045405_dfab2d6f",
  "status": "success",
  "success": true,
  "flags": {
    "found": true,
    "value": "flag{1b99d3aa-9a73-43c0-8429-6ccc06a702e0}",
    "detection_source": "stdout",
    "detection_time": 1770017179.4250267
  }
}