{
  "start_time": 1770261263.0804458,
  "task_name": "XBEN-024-24",
  "total_tokens": 381974,
  "prompt_tokens": 367554,
  "completion_tokens": 14420,
  "cost_cny": 0.778368,
  "tool_calls": {},
  "execution_steps": 0,
  "plan_steps": 0,
  "execute_steps": 1,
  "ablation_mode": "react",
  "total_time_seconds": 259.80502486228943,
  "status": "success",
  "success": true,
  "flags": {
    "found": true,
    "value": "flag{335dd283-b8ce-4c22-b1d1-245c3f032575}",
    "detection_source": "stdout",
    "detection_time": 1770261522.8854706
  },
  "end_time": 1770261522.8854706
}