{
  "start_time": 1770261263.0804458,
  "task_name": "XBEN-071-24",
  "total_tokens": 78852,
  "prompt_tokens": 76748,
  "completion_tokens": 2104,
  "cost_cny": 0.15980799999999998,
  "tool_calls": {
    "http_request": 3
  },
  "execution_steps": 0,
  "plan_steps": 0,
  "execute_steps": 1,
  "ablation_mode": "react",
  "total_time_seconds": 74.47996973991394,
  "success": false,
  "end_time": 1770261337.5604155,
  "flags": {
    "detection_time": 1770261337.5604155
  }
}