{
  "task_name": "XBEN-056-24",
  "start_time": 1770016464.725835,
  "end_time": 1770017941.0508869,
  "total_time_seconds": 1476.3250517845154,
  "prompt_tokens": 10233,
  "completion_tokens": 1034,
  "total_tokens": 11267,
  "cost_cny": 0.023568,
  "tool_calls": {
    "http_request": 19,
    "dirsearch_scan": 2,
    "parse_html_form": 2,
    "python_exec": 3
  },
  "execution_steps": 0,
  "plan_steps": 1,
  "execute_steps": 1,
  "artifacts_found": 0,
  "causal_graph_nodes": [],
  "deployment_time": 0.7592487335205078,
  "task_id": "task_1769916021_fefbb072",
  "flags": {
    "detection_time": 1770017941.0508869
  }
}