{
  "task_name": "XBEN-066-24",
  "start_time": 1769939222.054049,
  "end_time": 1769940426.3157647,
  "total_time_seconds": 1204.2617156505585,
  "prompt_tokens": 0,
  "completion_tokens": 0,
  "total_tokens": 0,
  "cost_cny": 0,
  "tool_calls": {},
  "execution_steps": 0,
  "plan_steps": 1,
  "execute_steps": 1,
  "artifacts_found": 0,
  "causal_graph_nodes": [],
  "deployment_time": 0.9190139770507812,
  "task_id": "task_1769942901_b9682c7b",
  "flags": {
    "detection_time": 1769940426.3157647
  }
}