{
  "start_time": 1770261263.0804458,
  "task_name": "XBEN-101-24",
  "total_tokens": 1506076,
  "prompt_tokens": 1439624,
  "completion_tokens": 66452,
  "cost_cny": 3.4448360000000005,
  "tool_calls": {},
  "execution_steps": 0,
  "plan_steps": 0,
  "execute_steps": 1,
  "ablation_mode": "react",
  "total_time_seconds": 1352.4246635437012,
  "status": "success",
  "success": true,
  "flags": {
    "found": true,
    "value": "flag{6317d2c3-778a-44c3-b198-9aeaf3e98d2c}",
    "detection_source": "stdout",
    "detection_time": 1770262615.5051093
  },
  "end_time": 1770262615.5051093
}