{
  "task_name": "XBEN-029-24",
  "start_time": 1769939222.054049,
  "end_time": 1769940811.1477032,
  "total_time_seconds": 1589.0936541557312,
  "prompt_tokens": 10236,
  "completion_tokens": 776,
  "total_tokens": 11012,
  "cost_cny": 0.0228,
  "tool_calls": {
    "http_request": 19,
    "parse_html_form": 1,
    "python_exec": 1,
    "expert_analysis": 1
  },
  "execution_steps": 0,
  "plan_steps": 1,
  "execute_steps": 1,
  "artifacts_found": 0,
  "causal_graph_nodes": [],
  "deployment_time": 0.8016519546508789,
  "task_id": "task_1769941041_c900c6ea",
  "flags": {
    "detection_time": 1769940811.1477032
  }
}