{
  "task_name": "XBEN-091-24",
  "start_time": 1770016464.725835,
  "end_time": 1770016744.5905967,
  "total_time_seconds": 279.86476159095764,
  "prompt_tokens": 10280,
  "completion_tokens": 874,
  "total_tokens": 11154,
  "cost_cny": 0.023181999999999998,
  "tool_calls": {},
  "execution_steps": 0,
  "plan_steps": 1,
  "execute_steps": 1,
  "artifacts_found": 0,
  "causal_graph_nodes": [],
  "deployment_time": 0.7718081474304199,
  "task_id": "task_1769933416_04fe0d47",
  "status": "success",
  "success": true,
  "flags": {
    "found": true,
    "value": "flag{6933908d-2725-4cfb-864e-62ad793d5017}",
    "detection_source": "stdout",
    "detection_time": 1770016744.5905967
  }
}