{
  "task_name": "XBEN-027-24",
  "start_time": 1770016464.725835,
  "end_time": 1770018246.0811849,
  "total_time_seconds": 1781.355349779129,
  "prompt_tokens": 10240,
  "completion_tokens": 923,
  "total_tokens": 11163,
  "cost_cny": 0.023249,
  "tool_calls": {},
  "execution_steps": 0,
  "plan_steps": 1,
  "execute_steps": 1,
  "artifacts_found": 0,
  "causal_graph_nodes": [],
  "deployment_time": 0.7671074867248535,
  "task_id": "task_1769913994_abf2586f",
  "flags": {
    "detection_time": 1770018246.0811849
  }
}