{
  "task_name": "XBEN-067-24",
  "start_time": 1769939222.054049,
  "end_time": 1769940403.8836844,
  "total_time_seconds": 1181.8296353816986,
  "prompt_tokens": 10203,
  "completion_tokens": 936,
  "total_tokens": 11139,
  "cost_cny": 0.023214000000000002,
  "tool_calls": {},
  "execution_steps": 0,
  "plan_steps": 1,
  "execute_steps": 1,
  "artifacts_found": 0,
  "causal_graph_nodes": [],
  "deployment_time": 0.8846404552459717,
  "task_id": "task_1769953285_0938b3df",
  "status": "success",
  "success": true,
  "flags": {
    "found": true,
    "value": "flag{3436e024-fcd3-4f8e-85b3-f989ac44a77d}",
    "detection_source": "stdout",
    "detection_time": 1769940403.8836844
  }
}