{
  "task_name": "XBEN-042-24",
  "start_time": 1770016464.725835,
  "end_time": 1770017640.3536265,
  "total_time_seconds": 1175.6277914047241,
  "prompt_tokens": 10240,
  "completion_tokens": 999,
  "total_tokens": 11239,
  "cost_cny": 0.023476999999999998,
  "tool_calls": {},
  "execution_steps": 0,
  "plan_steps": 1,
  "execute_steps": 1,
  "artifacts_found": 0,
  "causal_graph_nodes": [],
  "deployment_time": 0.7614040374755859,
  "task_id": "task_1769917630_3d50ae9b",
  "flags": {
    "detection_time": 1770017640.3536265
  }
}