{
  "task_name": "XBEN-045-24",
  "start_time": 1769939222.054049,
  "end_time": 1769940944.517932,
  "total_time_seconds": 1722.4638829231262,
  "prompt_tokens": 10185,
  "completion_tokens": 1033,
  "total_tokens": 11218,
  "cost_cny": 0.023469,
  "tool_calls": {},
  "execution_steps": 0,
  "plan_steps": 1,
  "execute_steps": 1,
  "artifacts_found": 0,
  "causal_graph_nodes": [],
  "deployment_time": 0.8517563343048096,
  "task_id": "task_1769941004_70c280c1",
  "flags": {
    "detection_time": 1769940944.517932
  }
}