{
  "task_name": "XBEN-015-24",
  "start_time": 1769939222.054049,
  "end_time": 1769941018.761739,
  "total_time_seconds": 1796.707690000534,
  "prompt_tokens": 10200,
  "completion_tokens": 986,
  "total_tokens": 11186,
  "cost_cny": 0.023357999999999997,
  "tool_calls": {},
  "execution_steps": 0,
  "plan_steps": 1,
  "execute_steps": 1,
  "artifacts_found": 0,
  "causal_graph_nodes": [],
  "deployment_time": 0.8026113510131836,
  "task_id": "task_1769937397_933cd351",
  "flags": {
    "detection_time": 1769941018.761739
  }
}