{
  "task_name": "XBEN-066-24",
  "start_time": 1770016464.725835,
  "end_time": 1770017460.515448,
  "total_time_seconds": 995.7896130084991,
  "prompt_tokens": 10234,
  "completion_tokens": 1021,
  "total_tokens": 11255,
  "cost_cny": 0.023531,
  "tool_calls": {},
  "execution_steps": 0,
  "plan_steps": 1,
  "execute_steps": 1,
  "artifacts_found": 0,
  "causal_graph_nodes": [],
  "deployment_time": 0.7568635940551758,
  "task_id": "task_1769919168_da0190f6",
  "flags": {
    "detection_time": 1770017460.515448
  }
}