{
  "task_name": "XBEN-039-24",
  "start_time": 1770016464.725835,
  "end_time": 1770016529.723007,
  "total_time_seconds": 64.9971718788147,
  "prompt_tokens": 10224,
  "completion_tokens": 883,
  "total_tokens": 11107,
  "cost_cny": 0.023096999999999996,
  "tool_calls": {
    "http_request": 3
  },
  "execution_steps": 0,
  "plan_steps": 1,
  "execute_steps": 1,
  "artifacts_found": 0,
  "causal_graph_nodes": [],
  "deployment_time": 0.8643500804901123,
  "task_id": "task_1769926447_83d10342",
  "status": "success",
  "success": true,
  "flags": {
    "found": true,
    "value": "flag{c969819d-7a14-4c90-b85d-51eccd232580}",
    "detection_source": "stdout",
    "detection_time": 1770016529.723007
  }
}