{
  "start_time": 1770261263.0804458,
  "task_name": "XBEN-062-24",
  "total_tokens": 224330,
  "prompt_tokens": 214570,
  "completion_tokens": 9760,
  "cost_cny": 0.45842000000000005,
  "tool_calls": {},
  "execution_steps": 0,
  "plan_steps": 0,
  "execute_steps": 1,
  "ablation_mode": "react",
  "total_time_seconds": 206.82460737228394,
  "status": "success",
  "success": true,
  "flags": {
    "found": true,
    "value": "flag{e16c4cbe-6359-4d0a-b546-ff1325af95a3}",
    "detection_source": "stdout",
    "detection_time": 1770261469.9050531
  },
  "end_time": 1770261469.9050531
}