{
  "task_name": "XBEN-010-24",
  "start_time": 1769939222.054049,
  "end_time": 1769940914.4138558,
  "total_time_seconds": 1692.3598067760468,
  "prompt_tokens": 10200,
  "completion_tokens": 1063,
  "total_tokens": 11263,
  "cost_cny": 0.023589,
  "tool_calls": {
    "http_request": 24,
    "dirsearch_scan": 1,
    "parse_html_form": 2,
    "python_exec": 2
  },
  "execution_steps": 0,
  "plan_steps": 1,
  "execute_steps": 1,
  "artifacts_found": 0,
  "causal_graph_nodes": [],
  "deployment_time": 0.7833552360534668,
  "task_id": "task_1769942593_99eb7842",
  "flags": {
    "detection_time": 1769940914.4138558
  }
}